{"type":"Topology","objects":{"ne_110m_land":{"crs":"+init=epsg:4326","timestamp":1463325037064,"zip-name":"ne_110m_land.zip","type":"GeometryCollection","shp-name":"/ne_110m_land.shp","geometries":[{"type":"Polygon","id":"0","arcs":[[0]]},{"type":"Polygon","id":"1","arcs":[[1]]},{"type":"Polygon","id":"2","arcs":[[2]]},{"type":"Polygon","id":"3","arcs":[[3]]},{"type":"Polygon","id":"5","arcs":[[4]]},{"type":"Polygon","id":"6","arcs":[[5]]},{"type":"Polygon","id":"7","arcs":[[6]]},{"type":"Polygon","id":"8","arcs":[[7]]},{"type":"Polygon","id":"9","arcs":[[8]]},{"type":"Polygon","id":"10","arcs":[[9]]},{"type":"Polygon","id":"11","arcs":[[10]]},{"type":"Polygon","id":"12","arcs":[[11]]},{"type":"Polygon","id":"13","arcs":[[12]]},{"type":"Polygon","id":"14","arcs":[[13]]},{"type":"Polygon","id":"15","arcs":[[14]]},{"type":"Polygon","id":"16","arcs":[[15,16]]},{"type":"Polygon","id":"17","arcs":[[17,-17]]},{"type":"Polygon","id":"19","arcs":[[18]]},{"type":"Polygon","id":"20","arcs":[[19]]},{"type":"Polygon","id":"21","arcs":[[20]]},{"type":"Polygon","id":"22","arcs":[[21]]},{"type":"Polygon","id":"23","arcs":[[22]]},{"type":"Polygon","id":"24","arcs":[[23]]},{"type":"Polygon","id":"25","arcs":[[24]]},{"type":"Polygon","id":"26","arcs":[[25]]},{"type":"Polygon","id":"27","arcs":[[26]]},{"type":"Polygon","id":"28","arcs":[[27]]},{"type":"Polygon","id":"29","arcs":[[28]]},{"type":"Polygon","id":"31","arcs":[[29]]},{"type":"Polygon","id":"32","arcs":[[30]]},{"type":"Polygon","id":"33","arcs":[[31]]},{"type":"Polygon","id":"34","arcs":[[32]]},{"type":"Polygon","id":"35","arcs":[[33]]},{"type":"Polygon","id":"36","arcs":[[34]]},{"type":"Polygon","id":"37","arcs":[[35]]},{"type":"Polygon","id":"38","arcs":[[36]]},{"type":"Polygon","id":"39","arcs":[[37]]},{"type":"Polygon","id":"40","arcs":[[38]]},{"type":"Polygon","id":"41","arcs":[[39]]},{"type":"Polygon","id":"42","arcs":[[40]]},{"type":"Polygon","id":"43","arcs":[[41]]},{"type":"Polygon","id":"44","arcs":[[42]]},{"type":"Polygon","id":"45","arcs":[[43]]},{"type":"Polygon","id":"46","arcs":[[44]]},{"type":"Polygon","id":"47","arcs":[[45]]},{"type":"Polygon","id":"48","arcs":[[46]]},{"type":"Polygon","id":"49","arcs":[[47]]},{"type":"Polygon","id":"50","arcs":[[48]]},{"type":"Polygon","id":"51","arcs":[[49]]},{"type":"Polygon","id":"52","arcs":[[50]]},{"type":"Polygon","id":"53","arcs":[[51]]},{"type":"Polygon","id":"54","arcs":[[52]]},{"type":"Polygon","id":"55","arcs":[[53]]},{"type":"Polygon","id":"56","arcs":[[54]]},{"type":"Polygon","id":"61","arcs":[[55]]},{"type":"Polygon","id":"62","arcs":[[56]]},{"type":"Polygon","id":"63","arcs":[[57]]},{"type":"Polygon","id":"64","arcs":[[58]]},{"type":"Polygon","id":"65","arcs":[[59]]},{"type":"Polygon","id":"66","arcs":[[60]]},{"type":"Polygon","id":"67","arcs":[[61]]},{"type":"Polygon","id":"68","arcs":[[62]]},{"type":"Polygon","id":"69","arcs":[[63]]},{"type":"Polygon","id":"70","arcs":[[64]]},{"type":"Polygon","id":"71","arcs":[[65]]},{"type":"Polygon","id":"72","arcs":[[66]]},{"type":"Polygon","id":"73","arcs":[[67]]},{"type":"Polygon","id":"74","arcs":[[68]]},{"type":"Polygon","id":"75","arcs":[[69]]},{"type":"Polygon","id":"76","arcs":[[70]]},{"type":"Polygon","id":"77","arcs":[[71]]},{"type":"Polygon","id":"78","arcs":[[72]]},{"type":"Polygon","id":"79","arcs":[[73]]},{"type":"Polygon","id":"80","arcs":[[74]]},{"type":"Polygon","id":"81","arcs":[[75]]},{"type":"Polygon","id":"82","arcs":[[76]]},{"type":"Polygon","id":"83","arcs":[[77]]},{"type":"Polygon","id":"84","arcs":[[78]]},{"type":"Polygon","id":"86","arcs":[[79]]},{"type":"Polygon","id":"87","arcs":[[80]]},{"type":"Polygon","id":"88","arcs":[[81]]},{"type":"Polygon","id":"89","arcs":[[82]]},{"type":"Polygon","id":"90","arcs":[[83]]},{"type":"Polygon","id":"91","arcs":[[84]]},{"type":"Polygon","id":"92","arcs":[[85]]},{"type":"Polygon","id":"94","arcs":[[86]]},{"type":"Polygon","id":"95","arcs":[[87]]},{"type":"Polygon","id":"96","arcs":[[88]]},{"type":"Polygon","id":"97","arcs":[[89]]},{"type":"Polygon","id":"98","arcs":[[90]]},{"type":"Polygon","id":"99","arcs":[[91]]},{"type":"Polygon","id":"100","arcs":[[92]]},{"type":"Polygon","id":"101","arcs":[[93]]},{"type":"Polygon","id":"102","arcs":[[94]]},{"type":"Polygon","id":"103","arcs":[[95]]},{"type":"Polygon","id":"104","arcs":[[96]]},{"type":"Polygon","id":"105","arcs":[[97]]},{"type":"Polygon","id":"106","arcs":[[98]]},{"type":"Polygon","id":"107","arcs":[[99]]},{"type":"Polygon","id":"108","arcs":[[100]]},{"type":"Polygon","id":"109","arcs":[[101]]},{"type":"Polygon","id":"110","arcs":[[102]]},{"type":"Polygon","id":"111","arcs":[[103]]},{"type":"Polygon","id":"112","arcs":[[104],[105]]},{"type":"Polygon","id":"115","arcs":[[106]]},{"type":"Polygon","id":"117","arcs":[[107]]},{"type":"Polygon","id":"118","arcs":[[108]]},{"type":"Polygon","id":"119","arcs":[[109]]},{"type":"Polygon","id":"120","arcs":[[110]]},{"type":"Polygon","id":"121","arcs":[[111]]},{"type":"Polygon","id":"122","arcs":[[112]]},{"type":"Polygon","id":"123","arcs":[[113]]},{"type":"Polygon","id":"124","arcs":[[114]]},{"type":"Polygon","id":"125","arcs":[[115]]},{"type":"Polygon","id":"126","arcs":[[116]]}]}},"arcs":[[[3345,574],[-16,-56],[-121,5],[-50,38],[187,13]],[[577,605],[-53,-8],[-72,60],[69,12],[56,-64]],[[3745,688],[35,-25],[16,-89],[-199,-57],[-97,46],[59,16],[89,109],[97,0]],[[1633,950],[69,1],[-42,-35],[-27,34]],[[2250,1040],[61,-1],[-5,-28],[-106,-3],[-43,35],[93,-3]],[[3098,1097],[-9,-70],[-150,-12],[-23,41],[82,27],[9,97],[41,36],[50,-119]],[[0,304],[279,48],[330,-86],[265,-13],[157,60],[-297,50],[20,95],[-111,54],[172,-13],[118,57],[-87,57],[-161,17],[-75,60],[30,41],[89,14],[23,-25],[189,59],[-2,63],[52,-9],[253,71],[194,-1],[237,-9],[97,13],[63,31],[45,-58],[29,17],[103,-44],[75,14],[117,-21],[15,25],[-68,44],[-31,86],[93,-8],[111,-50],[108,26],[112,9],[193,-48],[32,42],[113,-49],[95,33],[108,22],[43,31],[4,48],[-35,88],[30,113],[-9,48],[47,64],[85,90],[122,72],[38,-8],[-50,-48],[-44,3],[-53,-45],[11,-63],[-45,-18],[-49,-62],[20,-63],[44,-32],[47,-107],[23,-120],[-36,-73],[-66,-47],[-151,-56],[-22,-23],[-185,-5],[82,-48],[-13,-39],[-88,-9],[-3,-46],[74,-62],[337,-86],[139,-84],[235,85],[194,-20],[56,42],[340,58],[-32,62],[-165,-11],[8,77],[179,83],[213,44],[103,46],[59,58],[-2,55],[60,25],[84,84],[80,-25],[15,44],[37,-27],[104,13],[43,-27],[31,20],[174,60],[66,14],[36,-47],[72,49],[162,5],[61,-10],[31,-36],[126,13],[157,62],[31,51],[133,-73],[38,38],[180,87],[95,28],[52,50],[76,24],[51,-9],[66,-75],[101,-42],[47,35],[134,-30],[18,-101],[-48,-36],[35,-21],[-31,-68],[85,-14],[79,128],[105,24],[41,65],[102,64],[110,4],[34,54],[24,-43],[172,-12],[21,-13],[109,8],[87,97],[93,-79],[112,14],[94,47],[55,-47],[83,-27],[64,-2],[40,37],[130,0],[50,-12],[55,19],[110,13],[9,52],[43,-85],[23,-10],[156,9],[68,-7],[32,-56],[162,-57],[50,19],[70,-48],[66,-12],[97,-66],[160,-13],[77,-42],[-54,-113],[-88,-42],[-52,-62],[-21,-92],[35,-65],[63,-32],[-145,-24],[-55,-103],[253,-137],[120,-62],[-9811,-18]],[[3118,2082],[75,-49],[-13,-29],[-40,17],[-33,-41],[-80,32],[-63,63],[-38,65],[98,-71],[24,66],[45,17],[25,-70]],[[3373,2240],[22,-26],[-45,-37],[-36,-6],[-14,26],[33,34],[40,9]],[[6952,2320],[-43,-4],[5,66],[44,-25],[-6,-37]],[[9038,2834],[27,-20],[53,15],[2,-69],[-12,-66],[-52,-19],[-37,137],[19,22]],[[9805,2826],[26,0],[8,-49],[-42,-92],[10,-28],[-45,-22],[-24,-96],[-35,-42],[-74,24],[10,64],[114,149],[27,90],[25,2]],[[9849,3100],[20,-60],[1,39],[17,-59],[41,-23],[30,15],[-15,-85],[-22,1],[-4,-42],[-29,-81],[-21,-23],[-17,23],[16,48],[-9,31],[-30,23],[21,41],[4,82],[-11,49],[-47,115],[48,-42],[7,-52]],[[9641,3906],[-10,-13],[-53,72],[-23,60],[28,-21],[58,-98]],[[9954,4184],[5,-47],[-33,0],[8,45],[20,2]],[[0,4229],[9964,-26],[-4,21],[-9960,33]],[[0,4257],[0,-28]],[[0,4257],[0,-28]],[[9641,4323],[4,-47],[-13,4],[-4,60],[13,-17]],[[6390,4402],[11,-96],[-7,-45],[-10,34],[0,-60],[-76,-489],[-47,-38],[-38,36],[-20,127],[3,83],[26,73],[3,36],[-14,117],[13,69],[52,25],[39,68],[31,87],[10,60],[24,-87]],[[8987,4390],[10,-45],[18,21],[22,-46],[-3,-26],[25,-134],[6,-69],[69,-83],[23,-112],[29,-4],[5,-61],[54,-104],[8,-46],[-1,-68],[13,-49],[-13,-162],[-18,-94],[-21,-28],[-38,-152],[-11,-82],[-14,-39],[-31,-2],[-56,-70],[-40,35],[5,30],[-40,-52],[-82,45],[-18,36],[-12,73],[-40,30],[2,70],[-13,-39],[-25,-11],[29,93],[-2,43],[-40,-69],[-10,-46],[-22,24],[1,31],[-32,63],[5,13],[-82,65],[-50,-6],[-67,-39],[-27,3],[-53,-42],[-16,-54],[-65,4],[-39,-9],[-52,-63],[-39,3],[-45,47],[15,41],[7,74],[-18,92],[-3,66],[-24,77],[-21,144],[22,-39],[0,30],[-23,80],[21,152],[2,-44],[12,39],[57,65],[20,-2],[95,61],[39,86],[2,54],[19,49],[12,-50],[11,67],[12,-13],[3,44],[36,77],[39,24],[36,-61],[35,-6],[-6,32],[33,109],[17,20],[38,4],[-6,57],[33,-38],[48,-27],[34,23],[12,-29],[-42,-136],[2,-16],[43,-50],[61,-87],[27,-19],[18,19],[23,134],[-5,78],[5,74],[23,100],[28,-125],[1,-53]],[[9502,4579],[-11,-20],[-11,36],[22,-16]],[[8352,4593],[-48,39],[26,11],[22,-50]],[[9467,4614],[-28,5],[-4,31],[32,-36]],[[9490,4630],[-25,39],[4,34],[21,-73]],[[8456,4599],[-24,-13],[11,62],[31,36],[52,22],[0,-23],[-52,-41],[-18,-43]],[[8274,4716],[27,-10],[7,-25],[-66,-19],[32,54]],[[8413,4716],[-4,-32],[-42,-16],[-37,7],[22,33],[18,-17],[43,25]],[[9440,4702],[-21,13],[-21,46],[42,-59]],[[8017,4792],[53,-6],[6,24],[51,-28],[10,-37],[42,-10],[34,-35],[-31,-21],[-31,23],[-54,2],[-58,33],[-32,-2],[-51,24],[-5,25],[-25,4],[19,55],[34,-3],[34,-27],[4,-21]],[[8741,4825],[-14,-40],[-3,44],[11,40],[6,-44]],[[9329,4790],[-8,-6],[-24,59],[-6,44],[42,-81],[-4,-16]],[[9221,4867],[-49,-48],[-53,33],[2,17],[67,-1],[24,41],[-4,33],[23,-8],[-10,-67]],[[8534,4983],[-11,-19],[-24,36],[28,2],[7,-19]],[[8623,5004],[10,-44],[-23,24],[-58,3],[6,32],[35,2],[30,-17]],[[9253,4923],[-9,-15],[-11,56],[-49,61],[8,14],[36,-43],[22,-43],[3,-30]],[[8725,5116],[8,-93],[29,-34],[23,61],[32,34],[25,0],[44,-40],[30,-11],[99,-73],[35,-58],[4,-34],[46,-36],[7,-30],[-25,-7],[6,-38],[25,-38],[18,-61],[57,-68],[-28,-6],[-52,15],[-38,69],[-14,50],[-36,25],[-41,-35],[4,-43],[-22,-20],[-44,12],[-25,48],[-70,-7],[12,47],[17,16],[-7,63],[-14,48],[-53,49],[-23,4],[-42,54],[-19,-33],[-6,46],[-21,28],[47,35],[-41,0],[-11,34],[-25,11],[-11,28],[51,33],[45,-23],[4,-22]],[[8478,5264],[-22,-57],[-21,-11],[-27,11],[-70,-11],[-4,-43],[24,-52],[15,26],[52,20],[-26,-52],[-25,-22],[27,-74],[-5,-20],[25,-66],[-1,-38],[-25,3],[13,47],[-27,-22],[-4,38],[-20,34],[3,56],[-19,-17],[3,-150],[-29,9],[8,53],[-4,55],[-21,40],[35,194],[24,43],[22,-17],[67,-6],[27,42],[5,-13]],[[8574,5248],[-2,-51],[-14,6],[-1,-72],[-11,36],[-8,74],[15,67],[2,-32],[19,-28]],[[7939,4845],[-31,-1],[-24,48],[-35,47],[-33,82],[-35,124],[-24,48],[-19,94],[-25,37],[-14,49],[-50,96],[-3,29],[61,-13],[25,-57],[37,-63],[26,-62],[28,-1],[39,-87],[22,-27],[-12,-47],[26,-21],[15,-72],[20,-5],[14,-37],[-7,-71],[-1,-90]],[[8274,5288],[31,-54],[-33,-6],[-10,-40],[2,-52],[-27,-39],[-11,-146],[-5,21],[-31,-26],[-11,35],[-34,22],[-33,-21],[-10,28],[-41,4],[-4,77],[-27,65],[-1,104],[16,38],[21,-20],[21,11],[6,49],[45,23],[45,104],[45,71],[14,45],[25,-29],[1,-25],[42,-33],[-21,-26],[5,-28],[-20,-19],[-16,-52],[20,-55],[-4,-26]],[[8510,5667],[4,-71],[-9,-52],[-11,58],[-13,-29],[9,-42],[-8,-27],[-32,33],[-8,42],[8,27],[-17,28],[-43,-54],[7,65],[32,38],[10,-26],[26,41],[19,2],[-1,45],[22,-28],[5,-50]],[[7255,5539],[-24,-13],[-13,46],[-5,83],[13,93],[19,-32],[26,-100],[-4,-60],[-12,-17]],[[3307,5765],[-23,-7],[2,44],[22,6],[-1,-43]],[[8443,5774],[-27,-72],[-17,40],[15,67],[32,20],[-3,-55]],[[8291,5719],[-37,-55],[50,116],[15,57],[5,-47],[-33,-71]],[[8385,5867],[34,-18],[0,-24],[-31,-41],[-3,83]],[[8485,5883],[8,-64],[-21,15],[7,-55],[-13,-13],[-14,78],[16,18],[-17,44],[27,-2],[7,-21]],[[8375,5935],[-7,-50],[-27,73],[34,-23]],[[8369,6248],[17,-16],[16,-65],[-7,-48],[-16,-19],[-5,-47],[7,-45],[27,0],[34,-32],[4,-72],[-32,59],[-7,-21],[-18,34],[-39,4],[-16,65],[-5,80],[11,-19],[3,90],[9,52],[17,0]],[[3178,6232],[-45,-16],[3,33],[42,-17]],[[2864,6211],[-40,21],[40,10],[19,-30],[-19,-1]],[[2984,6327],[49,0],[44,-32],[25,-41],[-10,-23],[-35,13],[-30,-9],[-11,-39],[-8,26],[-49,10],[-13,-11],[-12,36],[46,-12],[10,12],[-12,47],[6,23]],[[8064,6258],[-24,-28],[-23,18],[0,50],[13,26],[47,15],[6,-22],[-19,-59]],[[679,6281],[-11,-1],[2,70],[30,-44],[-21,-25]],[[2786,6493],[11,-21],[26,7],[51,-75],[26,-11],[39,-42],[-40,-24],[-59,-1],[18,32],[-29,19],[-16,49],[-86,34],[1,26],[-28,3],[-35,-45],[-26,-1],[21,39],[55,36],[45,-5],[26,-20]],[[2846,6551],[-24,47],[14,34],[10,-81]],[[8365,6495],[-12,-47],[-18,91],[39,100],[13,-17],[-22,-127]],[[2838,6713],[-30,-9],[-2,21],[32,-12]],[[2861,6714],[-5,-41],[-17,67],[22,-26]],[[8739,7149],[-12,-55],[-11,19],[-22,-47],[-18,16],[15,62],[28,17],[20,-12]],[[5960,7237],[-16,-40],[-28,-24],[-21,31],[65,33]],[[5658,7238],[15,-19],[57,-4],[-4,-17],[-40,-5],[-33,21],[5,24]],[[5431,7384],[-12,-93],[-74,57],[4,30],[82,6]],[[5255,7555],[17,-40],[-4,-77],[-34,0],[-8,102],[29,15]],[[8915,7321],[-5,-75],[-15,-40],[-35,-27],[-49,-4],[-40,-66],[-19,23],[-1,43],[-48,-13],[-33,-27],[-32,-1],[28,-43],[-19,-98],[-18,-24],[-13,23],[7,52],[-29,56],[26,17],[15,37],[48,69],[55,17],[30,-12],[29,103],[19,-28],[56,80],[18,70],[-5,65],[11,37],[30,10],[15,-80],[-1,-46],[-25,-58],[0,-60]],[[5265,7610],[-9,-45],[-19,51],[23,43],[5,-49]],[[8997,7726],[39,12],[6,-64],[-41,-16],[-25,-57],[-43,39],[-15,-63],[-31,-1],[-4,57],[14,45],[29,3],[17,124],[54,-79]],[[3231,7863],[46,-6],[-24,-28],[-22,34]],[[3283,8010],[-50,17],[-26,27],[47,-9],[29,-35]],[[1569,7976],[-60,18],[-38,57],[-28,10],[-9,45],[73,-27],[62,-103]],[[3440,8101],[9,-63],[65,-20],[23,-98],[-11,-51],[-31,9],[-2,54],[-29,-21],[-27,14],[-84,-1],[1,53],[24,34],[46,125],[37,17],[-21,-52]],[[1313,8294],[27,5],[-8,-66],[13,-46],[-41,71],[9,36]],[[8989,8105],[28,-102],[-41,19],[-17,-84],[27,-59],[-1,-40],[-21,35],[-18,-45],[-5,167],[8,120],[-17,57],[3,79],[25,26],[19,-59],[10,-114]],[[4811,8192],[-49,-34],[-40,8],[23,61],[-15,58],[59,72],[53,-33],[-10,-81],[-21,-51]],[[5352,8385],[-17,-47],[-33,56],[41,20],[9,-29]],[[750,8471],[-28,-22],[-18,42],[40,29],[30,-21],[-24,-28]],[[4916,8559],[-30,-62],[59,7],[-32,-98],[29,-4],[27,-74],[19,-9],[25,-89],[33,-11],[-17,-53],[11,-30],[-25,-30],[-116,-31],[-60,-4],[41,60],[-19,22],[21,41],[-10,69],[42,-5],[-15,69],[-34,10],[-6,58],[-15,-28],[-15,85],[31,107],[56,0]],[[401,8632],[-53,18],[50,4],[3,-22]],[[2725,8794],[-33,-32],[-5,43],[38,-11]],[[230,8855],[84,-28],[-23,-18],[-61,46]],[[2634,8963],[5,-25],[93,-44],[43,-42],[-25,-18],[-59,40],[-67,-61],[-23,57],[13,98],[20,-5]],[[4597,9009],[-7,-37],[31,-39],[-36,-44],[-104,-50],[-114,26],[28,26],[-61,28],[48,28],[-58,14],[19,37],[42,9],[43,-39],[42,31],[35,-16],[45,30],[47,-4]],[[2892,9049],[-31,-3],[5,61],[48,-33],[-22,-25]],[[0,9154],[151,-110],[75,-8],[55,-54],[-74,-31],[0,-57],[-37,-10],[-65,62],[-59,2],[-10,41],[-33,-13],[-3,178]],[[2343,9162],[-17,-20],[-98,37],[43,43],[72,-60]],[[0,9301],[67,-15],[-67,-25],[0,40]],[[2485,9184],[-1,-59],[38,46],[33,-37],[-9,-43],[27,-39],[50,91],[1,63],[81,-12],[37,-29],[-19,-59],[16,-59],[-54,-40],[-68,8],[-43,-103],[-32,-39],[-40,-3],[-24,-62],[-32,-7],[-34,-47],[-41,-110],[-1,-67],[40,-10],[26,-97],[39,11],[51,-25],[48,-49],[64,-40],[76,-9],[4,-108],[21,-64],[41,-55],[21,19],[15,59],[-14,91],[-20,30],[45,27],[47,81],[-22,87],[-33,44],[32,60],[-21,142],[19,13],[77,-21],[23,15],[68,-75],[50,-4],[8,-122],[46,-43],[40,32],[45,91],[88,-194],[-11,-36],[62,-66],[62,-33],[11,-49],[33,-29],[2,-65],[-40,-42],[-46,-20],[-35,-47],[-47,-10],[-59,12],[-71,-3],[-23,-42],[-35,-25],[-72,-129],[23,9],[45,76],[58,48],[42,5],[24,-28],[-26,-38],[18,-106],[36,-29],[46,9],[28,64],[19,-62],[-34,-38],[-61,-34],[-59,-65],[-21,4],[-1,49],[48,48],[-75,-9],[5,-19],[-88,-65],[-20,-78],[24,-40],[-81,-24],[26,-17],[-56,-17],[-6,-53],[-24,-75],[-19,-27],[-22,45],[7,-101],[15,-81],[-17,-43],[-61,-55],[-78,-139],[-4,-41],[40,-222],[-9,-96],[-22,0],[-47,154],[-2,70],[-32,57],[-28,-26],[-36,44],[-89,-13],[5,-58],[-41,-1],[-20,30],[-45,7],[-41,-18],[-52,-67],[-22,-54],[6,-87],[-15,-92],[-5,-105],[19,-104],[36,-104],[41,-40],[84,42],[17,24],[14,99],[48,28],[42,3],[5,-40],[-15,-34],[-12,-115],[-7,15],[-8,-115],[-16,-37],[70,-6],[12,13],[45,-10],[34,-48],[-11,-108],[2,-40],[-11,-61],[13,-56],[34,-68],[21,-25],[51,48],[43,-21],[33,-35],[33,46],[5,68],[36,40],[21,-5],[47,70],[17,-19],[-23,-40],[9,-56],[-12,-33],[10,-46],[18,45],[-10,64],[35,24],[6,45],[10,-41],[19,-1],[19,-51],[55,6],[37,-33],[16,32],[68,5],[-24,-17],[10,-28],[43,-32],[4,-46],[15,1],[29,-35],[54,-117],[34,-11],[25,14],[60,-35],[43,-69],[23,-133],[14,-10],[1,-39],[-21,-48],[9,-17],[49,-9],[1,-58],[21,38],[81,-56],[14,-34],[-5,-32],[33,18],[54,-30],[41,2],[41,-48],[36,-64],[45,-19],[10,-18],[14,-108],[-11,-96],[-53,-117],[-18,-65],[-35,-94],[2,-108],[-11,-126],[-9,-23],[-5,-77],[-28,-75],[-5,-60],[-22,-25],[-7,-34],[-30,0],[-44,-22],[-50,-43],[-33,-45],[-23,-58],[0,-74],[-11,-87],[-20,-31],[-31,-102],[-43,-72],[-13,-55],[-30,-69],[-31,-32],[-99,30],[35,-50],[-4,-39],[16,-53],[-26,-74],[-42,-31],[-86,-6],[5,-107],[-45,-28],[-37,6],[4,-57],[42,-29],[-48,-54],[-11,-89],[-26,0],[-30,-73],[54,-54],[-9,-51],[-33,-33],[-18,-67],[-37,-50],[28,-93],[-37,3],[-38,-35],[-5,-53],[-43,17],[-66,73],[-1,70],[-14,39],[-4,98],[12,55],[30,45],[-43,16],[27,51],[9,96],[31,-20],[15,119],[-19,15],[-9,-72],[-17,8],[18,189],[13,40],[-10,121],[11,2],[37,185],[11,86],[-6,86],[8,47],[-3,72],[16,70],[5,111],[18,249],[-8,175],[-28,33],[-2,24],[-55,57],[-72,99],[-7,64],[-51,182],[-26,115],[-20,68],[-41,61],[9,26],[-14,55],[9,40],[37,79],[-33,24],[1,69],[9,8],[16,73],[-2,24],[34,35],[12,72],[14,4],[22,66],[-11,100],[2,64],[-21,47],[1,47],[-26,38],[-38,-52],[13,-31],[-24,-19],[-5,35],[-53,23],[-21,25],[3,23],[-61,62],[3,55],[-54,105],[-4,27],[-19,-13],[-76,44],[-28,36],[-32,62],[-37,33],[-51,-31],[-119,87],[-30,43],[-44,22],[-42,59],[-20,64],[13,57],[-21,78],[-66,138],[-24,23],[-1,50],[-31,42],[-51,103],[-26,105],[1,22],[-45,37],[2,-95],[48,-100],[6,-37],[31,-64],[26,-106],[36,-84],[-13,-32],[-30,69],[-34,42],[-4,73],[-60,65],[-16,34],[24,22],[1,26],[-38,57],[-21,74],[-28,127],[-34,57],[-59,33],[-3,32],[-27,58],[-23,80],[-33,80],[-19,79],[6,48],[-9,93],[17,159],[-18,164],[40,-19],[22,-39],[-14,94],[-78,82],[-50,23],[-12,87],[-35,24],[-5,47],[-34,42],[0,29],[-40,40],[-8,50],[-36,47],[-15,54],[-103,22],[-57,60],[-75,31],[-39,-5],[-88,51],[-30,-12],[5,-40],[-102,-47],[8,90],[-72,-79],[20,-28],[-26,-41],[-58,-42],[-91,-107],[-20,5],[-77,-55],[-52,-7],[87,76],[35,7],[79,90],[19,77],[-56,-28],[-36,37],[-45,-23],[2,55],[-54,10],[-42,41],[-22,57],[44,95],[41,-5],[64,40],[-21,37],[21,22],[-116,-19],[-41,13],[-47,57],[101,52],[19,-29],[59,3],[-103,111],[-38,18],[64,32],[70,81],[148,59],[120,-43],[204,-35],[37,9],[197,-72],[58,42],[41,-7],[133,56],[67,-58],[37,39],[3,-43],[45,26],[244,-84],[-39,-28],[50,-13],[99,17],[29,-35],[31,30],[-29,24],[74,28],[51,-45],[80,-21],[83,8],[-3,35],[108,-19],[12,58],[-62,58],[2,64],[33,42],[65,-35],[38,-65],[-25,-28],[52,-12]],[[1829,9393],[86,-39],[31,30],[49,-76],[-6,83],[83,-24],[26,-97],[97,-55],[-49,-30],[9,-44],[-99,25],[-84,-23],[-120,-14],[-15,27],[-62,9],[-35,46],[137,23],[-152,10],[-15,22],[64,23],[-91,14],[43,66],[103,24]],[[2097,9410],[-24,-38],[-44,41],[68,-3]],[[2879,9392],[-87,-21],[-24,59],[111,-38]],[[2595,9395],[22,-36],[26,47],[70,23],[48,-59],[-4,-38],[81,40],[184,-106],[67,-22],[50,-78],[-51,-26],[110,-51],[40,-53],[44,-3],[-9,-41],[-49,-67],[-78,80],[-39,-40],[78,-75],[18,-57],[-9,-42],[-105,62],[73,-104],[-76,23],[-93,61],[10,16],[-82,58],[0,-17],[-80,-9],[-23,20],[18,42],[109,9],[-9,20],[46,85],[-19,45],[-99,48],[18,14],[-76,59],[-65,-25],[-101,13],[-104,26],[-23,20],[-19,85],[50,75],[72,15],[-21,-37]],[[2212,9435],[83,-5],[-19,-45],[42,-24],[-5,-52],[-45,-22],[-115,71],[57,11],[-31,38],[33,28]],[[8988,9398],[-104,9],[61,28],[43,-37]],[[2411,9373],[-62,-41],[-17,51],[43,68],[111,-16],[-75,-62]],[[1654,9294],[-73,-29],[-79,56],[55,104],[-27,35],[94,9],[110,-15],[57,-41],[-103,-55],[-34,-64]],[[9186,9506],[-32,-23],[-96,28],[7,19],[121,-24]],[[2399,9500],[-89,-3],[55,41],[34,-38]],[[9029,9534],[-22,-43],[-148,-12],[-55,37],[15,40],[110,8],[100,-30]],[[2264,9600],[9,-99],[-76,3],[-46,74],[113,22]],[[1994,9570],[65,-13],[-12,-56],[-164,-33],[-46,17],[57,26],[-164,3],[64,72],[176,-58],[-40,56],[64,-14]],[[6598,9255],[-108,2],[-57,41],[-4,31],[82,93],[34,84],[154,67],[194,40],[0,-41],[-183,-56],[-86,-55],[-85,-111],[5,-48],[54,-47]],[[2370,9622],[85,-18],[67,-68],[78,-7],[146,13],[36,-45],[-59,-28],[-172,-3],[-119,26],[-40,85],[-90,25],[68,20]],[[1772,9654],[-25,-65],[-122,-36],[-38,12],[104,81],[81,8]],[[0,9154],[0,-230],[9927,-21],[55,-94],[-4,-39],[-52,13],[-103,-50],[-82,-76],[-11,-26],[-39,39],[-73,-45],[-76,5],[-42,-94],[32,-36],[-4,-84],[-25,-2],[-1,-73],[-48,-29],[-10,-66],[-41,-14],[-9,-59],[-40,-53],[-10,40],[-27,211],[13,80],[25,62],[43,12],[98,132],[49,46],[23,81],[-34,-5],[-17,-47],[-70,-63],[-23,71],[-72,-20],[-69,-96],[23,-36],[-105,-21],[2,42],[-43,9],[-35,-29],[-85,10],[-91,-17],[-90,-112],[-106,-136],[43,-7],[41,-49],[18,29],[30,-4],[40,-63],[1,-49],[-21,-58],[-15,-161],[-42,-83],[-9,-40],[-93,-168],[-38,-33],[-34,27],[-53,-58],[-20,-39],[1,-41],[-60,-65],[-4,-31],[26,-35],[31,-105],[0,-67],[-10,-31],[-47,-35],[-25,-5],[2,74],[-13,60],[21,10],[-19,49],[-25,-4],[-16,25],[19,74],[-31,31],[-39,-17],[-50,-43],[9,49],[22,39],[-15,30],[-56,-60],[-17,-37],[-27,-3],[-14,-27],[15,-39],[22,-9],[23,-43],[31,41],[43,-24],[5,-30],[-40,-16],[-40,-60],[-14,-40],[30,-32],[11,-57],[36,-97],[-1,-42],[-17,-16],[23,-49],[-12,-92],[-15,-5],[-43,-138],[-26,-69],[-77,-102],[-31,-6],[-17,-26],[-10,19],[-15,-29],[-68,-37],[-10,-61],[-15,-4],[-1,64],[-37,19],[-50,-59],[-24,-54],[-6,-40],[47,-136],[26,-36],[17,-46],[12,-106],[-3,-102],[-55,-75],[-58,-101],[-10,37],[8,39],[-21,32],[-23,9],[-25,89],[-25,27],[-24,-1],[4,45],[-24,-1],[-2,-63],[-25,-135],[2,-42],[19,-1],[16,-103],[32,-39],[37,-70],[12,-39],[3,-119],[10,-16],[10,-70],[-19,-4],[-59,88],[-20,68],[-14,79],[4,42],[-22,75],[-29,60],[-9,-2],[17,178],[-10,34],[3,63],[-12,30],[-14,142],[-12,47],[-50,-70],[-32,19],[9,71],[-6,54],[-21,67],[-33,75],[-26,120],[-26,3],[-6,-56],[-35,13],[-4,-22],[-53,-11],[2,-43],[-15,-34],[-40,-39],[-31,-68],[-49,-74],[0,-26],[-51,-38],[-9,-44],[7,-123],[-11,-54],[0,-98],[-15,-3],[-12,-44],[8,-19],[-25,-16],[-21,-56],[-26,54],[-24,139],[-24,82],[-12,108],[-25,79],[-20,186],[-5,123],[-41,-34],[-19,7],[-36,69],[13,21],[-41,72],[-20,14],[-30,86],[-51,-11],[-84,-9],[-114,38],[-12,70],[-13,10],[-50,-38],[-34,19],[-28,45],[-27,16],[-39,131],[-32,10],[-27,-19],[23,-132],[37,-58],[-1,-43],[20,-68],[5,72],[16,-12],[-5,-67],[11,-35],[62,5],[65,131],[1,-84],[28,-61],[37,-18],[30,-72],[-37,-108],[-13,3],[-10,-43],[4,-39],[-33,-28],[-9,-40],[-28,-14],[0,-23],[-80,-49],[-7,-45],[-72,-52],[-24,-40],[-37,-24],[-48,-17],[-18,-34],[-42,-4],[-19,151],[-4,87],[-25,61],[-22,96],[-32,49],[-18,55],[-2,74],[-16,64],[-28,34],[-8,46],[-58,171],[-14,0],[8,83],[-27,-106],[-33,60],[38,-147],[44,-128],[-5,-47],[33,-52],[22,-207],[25,-35],[24,-120],[53,-82],[60,-121],[-17,-38],[39,-74],[70,21],[48,33],[25,3],[51,34],[-2,-80],[-13,-83],[-31,-138],[-24,-84],[-56,-143],[-95,-148],[-31,-69],[-12,-44],[-37,-52],[-18,-102],[-12,-19],[-11,-103],[18,-21],[-7,-95],[21,-93],[15,-38],[3,-198],[5,-29],[-19,-81],[-18,-35],[-56,-50],[-73,-127],[-3,-41],[24,-92],[-14,-137],[-57,-51],[-2,-49],[-20,-146],[-24,-38],[-36,-100],[-72,-120],[-77,-44],[-58,7],[-83,-55],[-38,55],[-9,73],[9,54],[-53,178],[-31,85],[-22,187],[-4,100],[-26,72],[-20,105],[-23,56],[-4,80],[15,128],[15,76],[25,63],[2,76],[-23,90],[10,34],[-14,95],[-23,108],[-51,119],[-35,107],[19,123],[-5,8],[14,110],[-24,48],[-12,50],[-50,-30],[-23,1],[-24,78],[-19,38],[-46,-1],[-45,-19],[-84,-70],[-57,27],[-51,-11],[-46,-38],[-42,29],[-67,112],[-28,28],[-19,52],[-3,42],[-37,76],[-8,38],[-34,37],[-15,37],[-3,82],[-25,66],[12,11],[20,70],[9,113],[-4,114],[-21,53],[2,51],[20,45],[8,61],[24,45],[18,100],[19,21],[32,82],[26,6],[59,103],[-7,72],[14,80],[18,39],[49,50],[27,95],[37,-25],[67,-9],[57,41],[44,41],[93,15],[40,14],[60,-9],[31,23],[18,-36],[24,21],[-12,-39],[6,-91],[-19,-29],[27,-59],[115,-60],[13,-51],[64,-35],[30,-29],[26,42],[-6,44],[29,55],[56,-4],[10,-26],[47,-17],[6,-19],[37,1],[68,-41],[32,35],[45,-3],[58,-26],[13,14],[19,93],[29,102],[5,70],[-17,43],[-23,13],[-19,-33],[-43,-6],[-22,31],[-30,1],[-26,-30],[-26,30],[-31,-1],[-16,58],[-21,32],[14,44],[-18,28],[31,55],[43,2],[12,44],[53,-8],[65,54],[46,1],[89,-63],[56,4],[33,30],[-3,64],[-32,28],[-45,66],[-56,56],[20,9],[23,48],[-15,23],[40,36],[-91,-36],[-24,-21],[1,-36],[42,-10],[-73,-64],[-10,39],[-30,17],[31,30],[-78,42],[-45,-102],[-41,-129],[12,-55],[20,-32],[-33,-4],[-35,-48],[-9,38],[-65,-8],[19,-32],[-29,-9],[-15,29],[5,-86],[29,-44],[0,-32],[-25,15],[-10,-35],[11,-51],[-42,24],[-15,84],[-47,112],[3,85],[-18,32],[-80,71],[-23,42],[-8,48],[-48,38],[-23,-20],[7,-75],[26,-29],[14,-47],[31,-47],[90,-92],[-2,-31],[-40,36],[-12,-37],[20,-21],[-29,-83],[-12,-5],[12,61],[-19,63],[-50,65],[-21,4],[-66,97],[-8,57],[-37,25],[-65,-71],[-55,16],[-40,-19],[-2,-68],[-26,-39],[-36,-12],[-30,-98],[11,-33],[-22,-63],[-21,-11],[-20,-45],[-62,0],[-28,-42],[-32,58],[-26,9],[-40,-14],[2,81],[-19,27],[21,117],[-6,105],[-11,25],[39,42],[101,-20],[68,1],[14,34],[5,115],[-49,90],[-42,22],[-3,42],[36,12],[47,-14],[-9,65],[26,-25],[65,45],[8,47],[61,39],[24,85],[114,53],[-19,86],[12,92],[56,36],[-5,-65],[15,-8],[-35,-57],[8,-51],[27,-34],[44,27],[45,-41],[97,63],[57,-25],[44,45],[-5,91],[40,56],[22,-43],[22,1],[9,78],[-30,47],[70,24],[59,-8],[31,32],[-29,27],[-50,-4],[-94,-33],[-43,50],[-8,109],[39,69],[82,75],[-42,51],[-47,-16],[-23,-75],[-98,-96],[-20,-81],[46,-73],[-25,-65],[-29,-13],[-26,-151],[-34,6],[-16,-46],[-32,-3],[-53,202],[-19,35],[-55,-67],[-37,-13],[-38,29],[-19,195],[26,37],[73,48],[55,60],[117,191],[123,116],[107,22],[42,48],[101,9],[87,-43],[-36,-15],[30,-36],[29,20],[46,-35],[76,-14],[105,-65],[23,-65],[-76,-46],[-124,44],[24,-50],[4,-85],[58,-33],[-14,54],[18,21],[67,-36],[24,14],[-19,42],[65,56],[51,-23],[16,39],[-23,35],[-7,70],[78,-18],[-19,-40],[22,-52],[43,13],[7,37],[155,76],[-7,-37],[106,15],[42,24],[31,-35],[32,38],[-15,53],[82,-18],[139,-84],[19,31],[-53,75],[-16,64],[90,115],[74,-15],[-21,-79],[26,-58],[-6,-79],[31,-35],[-67,-121],[32,-8],[42,35],[31,56],[-3,71],[-37,37],[22,58],[-36,47],[72,49],[6,-25],[104,26],[51,-33],[-27,109],[175,17],[10,68],[326,77],[51,-1],[100,73],[10,-33],[177,-24],[85,-50],[-7,-30],[-125,-66],[115,-49],[56,24],[90,-9],[6,-27],[116,-9],[2,44],[103,-9],[45,-31],[-4,-61],[79,-68],[27,60],[44,-26],[48,16],[54,-18],[65,8],[-20,53],[37,25],[251,-37],[96,-78],[168,1],[19,-66],[35,-16],[191,8],[49,-51],[34,18],[-10,63],[146,-13],[-9880,-52]],[[6364,7560],[14,-41],[-11,-88],[-11,-13],[10,-71],[46,-41],[39,-10],[44,15],[1,114],[-22,20],[8,39],[-19,4],[6,48],[26,-14],[25,19],[-28,67],[-23,-15],[-11,54],[-32,19],[-29,85],[27,-5],[1,42],[48,1],[0,91],[-52,12],[-58,-38],[-12,-34],[-27,-9],[-28,-60],[25,-54],[-2,-39],[45,-98]],[[5686,9666],[-62,-24],[-46,47],[108,-23]],[[2338,9677],[-64,2],[-14,45],[78,-47]],[[2220,9693],[-80,1],[-71,55],[151,-56]],[[7918,9692],[-157,-23],[51,76],[114,-30],[-8,-23]],[[5506,9772],[92,-43],[-70,-23],[-53,-101],[-93,33],[-92,131],[75,21],[141,-18]],[[5706,9813],[14,-52],[-163,3],[-75,43],[154,20],[70,-14]],[[6420,9821],[-99,-31],[-14,31],[113,0]],[[7775,9725],[-60,-8],[-124,39],[-59,53],[132,52],[118,-85],[-7,-51]],[[2583,9770],[33,-19],[-89,-61],[-107,4],[-8,59],[-99,45],[55,61],[193,-51],[22,-38]],[[3097,9968],[183,-43],[-258,-147],[-159,-28],[42,-46],[-117,-89],[48,-11],[-74,-35],[-248,17],[48,41],[-14,41],[91,-21],[-83,48],[80,56],[-180,147],[233,25],[108,46],[300,-1]],[[4247,9992],[174,-46],[-52,-22],[-256,-8],[196,-24],[47,-37],[206,44],[98,-36],[-153,-66],[-55,-80],[34,-101],[-89,-21],[52,-31],[-24,-54],[36,-49],[-61,-5],[23,-43],[-78,-9],[35,-65],[-69,8],[74,-49],[10,-47],[-49,-11],[-56,56],[10,-39],[-33,-31],[112,-5],[-150,-96],[-141,-42],[-38,-61],[-60,-40],[-96,-30],[-24,-36],[-15,-78],[-45,-46],[11,-45],[-26,-104],[-39,-3],[-41,47],[-56,0],[-94,159],[-17,90],[-39,53],[-8,62],[27,68],[42,21],[17,69],[-72,-37],[-34,19],[9,70],[82,-15],[-72,56],[-51,7],[31,53],[-108,169],[-74,34],[-201,-3],[-81,55],[129,21],[-119,15],[-58,46],[206,55],[-64,42],[161,69],[-12,26],[341,39],[97,-14],[97,59],[453,17]]],"transform":{"scale":[0.036003600360036005,0.017366249624962502],"translate":[-180,-90]}}